seed,duration,num_tries,num_input_toks,num_output_toks
0,100.50653004646301,1,2745,2809
1,387.92563915252686,2,2798,7073
2,124.05311512947083,1,2839,4221
3,198.67392897605896,1,2674,7142
4,182.01738119125366,1,2716,6683
5,131.35586500167847,1,2828,4259
6,432.8832869529724,2,2670,7635
7,114.59167385101318,1,2925,3553
8,106.48587203025818,1,2737,3260
9,186.94978785514832,1,2733,6460
