seed,duration,num_tries,num_input_toks,num_output_toks
0,203.25423884391785,1,2787,8495
1,182.84569597244263,1,3053,7847
2,202.37511086463928,1,2964,7418
3,215.52488780021667,1,2906,7845
4,179.63400506973267,1,3061,7152
5,194.57424020767212,1,2874,6995
6,168.53737592697144,1,2870,7233
7,172.58852195739746,1,3005,6134
8,158.95614910125732,1,2903,6497
9,192.9114191532135,1,2820,7811
