seed,duration,num_tries,num_input_toks,num_output_toks
0,53.92289423942566,1,3643,1964
1,69.03202509880066,2,3643,2103
2,61.24724578857422,1,3643,2181
3,72.79407405853271,1,3643,2276
4,87.66229510307312,1,3643,3033
5,61.52949118614197,1,3643,2279
6,97.944904088974,1,3643,3006
7,58.35491919517517,1,3643,2134
8,63.22166419029236,1,3643,2479
9,69.3953218460083,1,3643,2528
