seed,duration,num_tries,num_input_toks,num_output_toks,num_cached_toks
0,49.78058886528015,50,66447,840,39552
1,53.86351799964905,50,69499,1123,42624
2,58.562824010849,50,77949,1623,54016
3,54.10398292541504,51,69842,1111,43008
4,55.434021949768066,51,68476,985,42240
5,60.34400677680969,50,76733,1662,50688
6,50.16668105125427,51,67250,920,40320
7,66.37981510162354,50,78911,1610,54784
8,70.1365807056427,51,62644,668,31872
9,63.58533501625061,50,80767,1690,58496
