seed,duration,num_tries,num_input_toks,num_output_toks,num_cached_toks
0,47.70747685432434,50,110028,641,94464
1,43.69193506240845,50,107360,504,92032
2,59.657407999038696,50,116488,1136,100480
3,47.76322412490845,50,112380,803,96640
4,45.313347816467285,51,109003,582,95232
5,47.46106481552124,51,112997,793,97536
6,59.91557502746582,51,108159,592,90496
7,50.830687046051025,50,117564,998,102016
8,46.84990882873535,50,113214,884,95360
9,59.95942306518555,50,124772,1568,108672
